Player_Name,Market Value (M Euro),Cluster,Goals per match,Shots_PA,Shooting accuracy %,Tackles_PA,Interceptions_PA,Recoveries_PA,Duels_won_PA,Tackle success %,Aerial_battles_won_PA,Assists_PA,Passes per match,Through_balls_PA,Accurate_long_balls_PA,Big_chances_PA
David Brooks,8.0,Attacking,0.8216238751532827,0.17425777768492304,1.3444416616607406,-0.8949089983509929,-0.4140290771255284,-0.9281823466226492,-0.7660354905828684,1.5192450435581055,-0.8583716060912507,0.25050524547667774,-0.8394529417427519,0.725807352053791,-0.8074262750626903,0.5376162683210117
Ryan Christie,12.0,Defensive,-1.0331613653979717,0.05509172783369664,-0.22299410905728714,0.3271975669957919,0.9408618864545117,0.8293113648182571,0.5570273409910809,-0.323648693489822,-0.24357965086342295,-0.02880875376482821,-0.38648588054583727,0.8855410558254265,0.25732414121945757,0.2060720439563443
Junior Stanislas,,Attacking,1.0689285738934498,1.2747912968991926,0.4487640783932962,-0.8814754707161213,-0.4552947917523318,-0.5152034569152659,-1.0128611430391874,0.7129790335996372,-0.425507882512474,0.16405091237811642,-0.6469050541655619,0.38020170207516163,-0.8216977023752322,0.08120473867614474
Marcus Tavernier,20.0,Attacking,0.8216238751532827,1.4562942089625102,0.4487640783932962,0.2786794049152666,-1.0536476538409791,0.602372983780727,0.6678272935204278,0.8281598921651326,-0.16041245925242806,0.7977326725620769,-0.4314874941175177,-0.18529709855013485,-0.48173191603717924,0.7590558244829418
Joe Rothwell,2.5,Balanced,-1.1568137147680553,-1.5810106511009336,1.0085625679354489,-0.8573084544995407,-0.7255186649536564,-0.7558219403959484,-1.3486629424266139,-0.20846783492432655,-1.0769283248687538,-0.7380346228066242,-0.8372397476326691,-0.2691321987114691,-0.6920052845856806,-0.8774539276686127
Hamed Traorè,17.0,Balanced,-1.1568137147680553,-0.22950483828158574,-1.006711994416301,0.47903087421249513,-1.1733182262587085,-0.20547694022549712,0.5308625329239092,0.36743645790315077,-0.49100204590613233,-1.1859667506224953,-1.1633170131848454,2.5868502134513185,-0.9872462592007188,-1.1674683141258502
Jefferson Lerma,20.0,Defensive,-0.2912472691774698,-0.03247644635562111,-0.78279259859944,0.014310306375136557,1.9749383711923278,2.0653502255599254,0.924197230021603,0.36743645790315077,2.370589093139865,-0.865522997646526,0.9731530344149338,-0.16530565158858582,0.6746065612397433,-0.33758099287898585
Alex Scott,20.0,Balanced,-0.6622043172877208,-0.7502227312287781,-0.6708329006910093,-0.11846699872125178,-0.27118621880197885,-0.8739455431406867,-0.07984133888566713,0.02189388220666438,0.019516561059820234,-0.6518938289958798,-0.9855237530082064,-0.5851260377811136,-0.6761605095616176,0.21567722128559036
Philip Billing,22.0,Defensive,-0.16759491980738625,0.04300845704458622,-0.11103441114885658,0.5856550737595947,1.4945823672218612,0.2498502699152634,1.0634640605729393,0.13707474077215984,2.6331764149046495,-0.7975500803485932,-0.21680766543950117,-0.754750436242741,-0.08078108441501229,-0.1615442883720753
Lewis Cook,12.0,Defensive,-1.0331613653979717,-1.1521768504199807,-1.230631390233162,0.2079040749569206,1.1030054677878862,0.9883533868491806,-0.19228650977122533,0.02189388220666438,-0.12159611712463471,-0.28687996169711366,0.20148602136611846,-0.39719684811859124,0.7385081209441023,-0.6500325742596997
Douglas Luiz,70.0,Defensive,0.2033621283028646,-0.10927730933084398,0.33680438048486566,0.22422490300371192,0.7550875692727035,0.9976261104413993,0.3963006628641724,-0.09328697635883108,0.29742293056609825,0.24229683407039673,0.9288891522132808,-0.08134157435008028,1.2202930679375052,0.16825508864291236
John McGinn,30.0,Defensive,-0.043942570437302694,0.5491173284823179,0.11288498466800453,0.8001666818874805,0.42136172712173287,0.8852425209606752,1.5823227268790656,0.2522555993376553,-0.20465547106874218,0.3479403614911566,0.020004104339341824,0.7112185655782424,1.4332826397659482,0.505172798464729
Emiliano Buendía,22.0,Attacking,-0.043942570437302694,0.3562866519989529,-0.4469135048741482,0.14647854126466034,-0.5101895497421158,-0.019645915359503302,0.8555393386643765,-1.2450955620137858,-0.0519708344110278,0.7249363634543864,-0.13639494610649844,1.6744576921847854,0.17853669731741972,0.8945605804095543
Leander Dendoncker,7.0,Balanced,-0.2912472691774698,-0.696521383805348,0.6726834742101573,0.21784393852946837,0.1902964541854193,-0.28703062717170996,0.14045605465848734,-1.1299147034482904,2.06212130603613,-1.0032575932239165,-0.21090581447928092,-1.0116979214124102,-0.28568757242805043,-0.9308776304370512
Boubacar Kamara,38.0,Defensive,-1.1568137147680553,-1.5018732523749099,-1.006711994416301,1.1917030004306088,0.5238280734836365,0.6687602399907917,0.9834797322157527,-0.5540104106208129,0.47751770367281615,-0.5547896614274042,0.9569229442743278,0.0509654564499891,0.7397261858651536,-0.7588116786633792
Jacob Ramsey,35.0,Balanced,0.32701447767294817,-0.21287257143069271,0.11288498466800453,0.03442807987458927,-0.4770530776464644,-0.47849453138938797,-0.09913167690122404,0.13707474077215984,-0.49100204590613233,0.07638742776768709,-0.6852670854069943,-0.5554417680503289,-0.8808221869557632,-0.10496106192342548
Youri Tielemans,25.0,Defensive,0.32701447767294817,0.5042821605271721,0.11288498466800453,0.5579120151434137,0.14949197207920423,0.9687298079534059,0.4889023798945293,-0.4388295520553175,0.08741235768517336,0.8297278245489251,1.3191490469578537,1.4914049046765507,1.1160595987157178,0.7176251978461937
Bruno Fernandes,70.0,Attacking,2.9237138144447044,3.19468876672451,0.8966028700270184,0.34051627815515184,-0.08594117317909264,0.7592999586260457,0.1396363551576361,-0.20846783492432655,-0.33791280801478274,2.3283649435378275,1.6201434459290938,2.953689151729289,2.403871400851512,3.9382170573311956
Matheus Nunes,50.0,Balanced,-0.9095090160278879,-0.6120469758521276,0.33680438048486566,-0.01787813122398791,-0.6511193647995255,-0.3042279838379684,0.457465149254962,0.2522555993376553,-0.2687188246912918,-0.1760834079103495,-0.306810892582862,-0.1695462615501266,0.23179311378695558,-0.35015504320090807
Stefan Bajcetic,11.0,Balanced,-0.16759491980738625,-0.9613245797208833,2.1281595470197545,-0.5518373695219633,0.14305807033631554,-0.33327240842987166,-0.321362644121093,-0.4388295520553175,0.12027681243467934,-1.1859667506224953,-0.7192027284282613,-1.051593133550589,-0.3487018257309846,-1.1674683141258502
Bernardo Silva,70.0,Attacking,0.9452762245233665,0.28680019116605415,1.0085625679354489,-0.3242905754773054,-0.3335959045478612,-0.2249711641888764,-0.30900880011843346,-0.20846783492432655,-0.7751801108006502,1.4029291067539806,1.0070886774362011,-0.383517377745154,0.13832358962728716,1.0801431809177406
Harvey Elliott,35.0,Balanced,-0.5385519679176372,0.4048973401739091,0.11288498466800453,-1.045321563517468,-0.874918876853461,-0.6112690438095173,-1.2796062642434642,0.36743645790315077,-0.8493770352116917,0.25672373896628464,-0.28984307107222856,-0.10654291355009353,-0.3210592095634637,0.23364015031690766
Shandon Baptiste,2.5,Balanced,-0.6622043172877208,-1.2773376498878526,0.8966028700270184,-1.2470740920405512,-0.738152508376056,-1.1290896422480217,-1.30407205879978,-0.6691912691863084,-0.6815305212331386,-0.6810250792664224,-1.4473435906454513,-0.8310814155504733,-0.9098469339316603,-0.677080351570885
Sofyan Amrabat,22.0,Balanced,-1.1568137147680553,-1.6147350631488275,-3.4698253484017734,-0.26072839703881034,-0.7402247260802591,-0.7440435562296467,-1.026210534910193,0.13707474077215984,-0.7737704973835147,-1.1859667506224953,-0.07073685417404663,-1.051593133550589,0.36079198923538686,-1.1674683141258502
James Maddison,70.0,Attacking,1.8108426701139515,2.3959927907996055,0.4487640783932962,-0.13785887317690979,-0.8130727917641003,-0.39255896584427225,0.8658799722994406,-0.323648693489822,-0.8655116262739935,1.8918349317411969,0.47149570279620134,1.7616362584611953,0.4467358276462617,1.7521095041781958
Oliver Skipp,15.0,Balanced,-1.0331613653979717,-1.459239910130532,0.22484468257643508,-0.3621721789614578,-0.6219247027137271,-0.6042311543062352,-0.8607456675672971,-0.20846783492432655,-0.4379434831568395,-1.1859667506224953,-0.26771112997140206,-0.667791092727603,-0.48341584123092857,-1.053665200452757
Mario Lemina,10.0,Defensive,-0.5385519679176372,-0.1303460565216809,-0.5588732027825788,1.24984874082168,1.4904939048107502,0.752013533382087,0.8770255116272029,0.5977981750341417,0.556904568392402,-0.6559707215273807,0.39255844620325364,-0.12578057706155396,0.40682784745839556,-0.6870628037348536
Jack Hinshelwood,16.0,Balanced,1.1925809232635336,0.06779693167812885,2.4640386407450463,-0.581804469630523,0.7414109324249628,-0.9323136656378769,-1.3025429466400105,-3.3183510161927043,-0.3163509435230433,-1.1859667506224953,0.3792792815427578,-1.051593133550589,-0.48173191603717924,-0.6055654403649525
Moisés Caicedo,75.0,Defensive,-0.6622043172877208,-0.7298755651090573,0.0009252867595739772,1.6332335926106163,1.4911542776926652,1.4104428655635508,1.2944606148291655,-0.7843721277518039,0.4937776639165867,-0.3494669938579167,1.8827758136589006,0.8479957624745034,1.0232711538124204,-0.40923793025572325
Pierre-Emile Højbjerg,18.0,Defensive,-0.5385519679176372,-0.14739120587599533,-0.11103441114885658,0.7440627391096164,1.551778588167068,2.122010602740787,0.7284671688777756,0.2522555993376553,0.529400457780892,-0.3659335245028887,1.9218755762703605,-0.048872526109118325,1.871957949459036,-0.4595591818286563
Pablo Sarabia,10.0,Attacking,0.2033621283028646,0.888553100028452,0.6726834742101573,-1.0233197445633044,-0.9605705419605228,-0.6669605754079605,-1.068928588897411,-0.20846783492432655,-0.8014928945871796,0.9740615101784835,-0.42484791178726977,0.4307356374501881,-0.32505203189877235,0.8304085703573415
Enzo Fernández,75.0,Defensive,-0.41489961854755353,0.7375426771917717,-0.22299410905728714,0.942848195076409,-0.04011117316020921,0.7164760803917758,0.6077550301009023,-0.6691912691863084,-0.15595707398755337,-0.052424223088454104,2.7887099360527294,3.1561304650230455,4.516398619752705,0.300359601004658
Jakub Moder,10.0,Balanced,-1.1568137147680553,-0.2070366883251162,-0.8947522965078705,-0.19223216821924527,-1.0221553979415765,-0.5294496622523762,-0.7108838469255955,-0.323648693489822,-0.11718740571776629,-0.4551301210281793,-0.6380522777252312,-0.30688250697125125,-1.03952475082982,-0.06337845691145479
Facundo Buonanotte,18.0,Balanced,0.32701447767294817,-0.4294788373958125,0.7846431721185878,-0.4040925968937145,-0.9284110082875413,-1.0985592238397883,-0.38916513678685216,-1.0147338448827947,-0.8646741719350671,-0.21718331139282052,-1.1168399368731097,-0.6285183257596695,-1.0416957845353474,0.08701252031708417
Ryan Gravenberch,35.0,Balanced,-0.7858566666578044,-0.4250773553903635,0.4487640783932962,-0.42370218285087985,0.08115949839611067,-0.5866599746971658,-0.4528311378576181,-0.5540104106208129,-0.4669122386808787,-1.1859667506224953,-0.6269863071748178,0.2030425033466205,-1.0826609446617137,-0.857452935499148
Giovani Lo Celso,16.0,Balanced,-0.6622043172877208,-0.5692782896641168,-0.22299410905728714,-0.0739205002581779,-0.9681686735426009,-0.578075415704485,-0.06505432019778397,0.48261731646864625,-0.6679213444240668,-0.284285194629508,-0.25885835353107145,-0.18529709855013485,-0.23813136106090074,-0.46691408190447126
Bryan Mbeumo,40.0,Attacking,1.9344950194840353,1.8735712008546135,0.7846431721185878,-1.1132012646248859,-0.8936919382331229,-0.2099054960543616,-0.03936004515101684,0.7129790335996372,0.3666904964900278,1.7011997365867337,-0.6815784285568565,0.6895761249156703,-0.6437388576971985,1.3249325516650625
Pascal Groß,8.0,Attacking,0.4506668270430319,0.10591254321142546,0.7846431721185878,-0.20484989458074418,-0.47628962901860017,-0.15391034779215318,-0.8053132294236568,-0.09328697635883108,-0.34699148780077826,1.5546706103561903,1.0329092753871654,0.012279190134179252,0.8742414605926291,1.711051670754538
Wilfred Ndidi,16.0,Defensive,-0.6622043172877208,-0.06531451167661512,-1.5665104839584538,3.0608118066422656,3.1470962856429088,2.5421256261685534,2.590694236146041,0.48261731646864625,3.431930407621714,-0.4738695217870079,1.2173421178940524,-0.4607348122425869,0.671877738874488,-0.8447343558631808
Conor Gallagher,50.0,Defensive,0.4506668270430319,0.2359540413838496,0.6726834742101573,0.8513280237964851,0.495030342153167,0.653383779912725,1.0522897794053911,0.02189388220666438,-0.03382710143275222,0.14136153989071107,0.20148602136611846,-0.6502942349842021,-0.15306933998658073,0.28686853560823805
Scott McTominay,32.0,Defensive,0.2033621283028646,-0.2623956131777339,0.5607237763017268,-0.0009814619084364752,0.3514731121874175,0.10826811373692755,0.6676922996700465,-0.4388295520553175,1.5675261158900522,-0.873924144728293,-0.06999912280401922,-0.7109149175391745,0.11167196993539688,-0.6623870792845938
Mohammed Kudus,50.0,Attacking,1.5635379713737845,1.88464108143194,-0.8947522965078705,0.6868027682985098,-0.9206803511546129,1.3706671676284545,3.0987515532305614,1.5192450435581055,-0.36486513862945696,1.128349243092839,-0.6269863071748178,-0.3778073285502358,0.006045081752201002,0.33093934923654356
Yves Bissouma,35.0,Defensive,-0.9095090160278879,-0.3126661725360515,-1.5665104839584538,1.2897771462404413,1.5247092246137377,0.7374987115249627,0.8774612891383842,0.8281598921651326,0.05941354948299688,-1.017652860170471,0.7518336234066694,-0.5003138385503,0.14794384474547526,-0.8950305571508695
Rodrigo Bentancur,35.0,Defensive,0.07970977893278103,-0.3514747951881353,0.5607237763017268,0.4550571941256473,0.7015207416190529,0.34830342199345854,0.14960390108798716,0.2522555993376553,0.29492791481776837,0.4340544449782388,1.0019245578460083,0.16122131545004695,0.023782427126360462,-0.2684237161084138
Tom Cairney,2.0,Balanced,-0.5385519679176372,-0.6314058438261181,-0.3349538069657177,-0.8367704525213845,-0.671094184636762,-0.275659697354129,-0.47393962793199734,-0.20846783492432655,-0.5454015695992257,-0.5030538344442,0.31140799550022324,-0.35571599068137166,0.47128692763178887,-0.20946997197612305
James Milner,1.0,Balanced,-0.043942570437302694,-0.3481239721961971,-0.11103441114885658,-0.05975594544733858,0.1890852135739039,-0.5574661850678442,-0.3776941438844576,2.0951493363855827,-0.11208866522570989,0.754134883041537,-0.15336276761713208,0.10029500090056435,0.23771653153713862,-0.43355435656059615
Jean-Ricner Bellegarde,15.0,Balanced,0.32701447767294817,-0.5588237219292697,0.22484468257643508,-0.9593899309983768,-0.7903723945219743,-1.3684157008853048,-0.5994571755778835,0.2522555993376553,-0.6307229278126036,-0.6305309121308151,-1.3802100359729446,-0.8090302437504617,-1.1149551458946658,-0.8078504749188756
Eberechi Eze,55.0,Attacking,1.687190320743868,1.5602717032819136,0.6726834742101573,-0.6341817489507013,-0.54895002234012,0.44739121255771996,0.8643419500284756,-0.323648693489822,-0.4150667840004415,0.6252370705460272,-0.18729841063839936,0.055759189449991586,-0.4782615658552785,0.3179097173812184
Frank Onyeka,9.0,Balanced,-1.0331613653979717,-0.6298844794313463,0.7846431721185878,-0.42154562991952893,-0.021705761253311907,-0.7731481142057982,-0.3408643644196057,1.173702467861619,-0.35431857447588877,-0.38098727454759646,-1.3226669891107956,-0.875822923550497,-0.9193816334213267,-0.7765793584660953
Roméo Lavia,35.0,Defensive,-0.7858566666578044,-1.1678866035142335,-0.6708329006910093,0.8595163775263385,1.1274450369982838,1.4084561501620056,0.6697651084694447,-0.20846783492432655,-0.6825548678746817,-1.1859667506224953,0.1793540802652922,-0.07351696500168912,0.23491405432199827,-0.8774539276686127
Bruno Guimarães,85.0,Defensive,1.0689285738934498,0.20013090879935033,0.6726834742101573,1.4616823905812706,0.6069496151016712,1.5154541681221743,2.3270367085527615,-0.323648693489822,-0.38503396131414575,0.9983314906369214,1.4143163936914078,2.7640028857772543,1.9711037939905218,0.5498078843344214
Mikkel Damsgaard,10.0,Balanced,-1.1568137147680553,-1.0668755039669358,1.9042401512028935,-0.33976250721523193,-0.5473490782275082,-0.8370814657740401,-0.9208530267590249,0.7129790335996372,-0.4506979453561888,-0.6518938289958798,-1.180284834695479,0.8142752495273125,-0.6352281740827885,0.3885704132120203
Will Hughes,9.0,Balanced,-0.6622043172877208,-0.7928134550473609,-0.8947522965078705,0.7856416247969177,0.30051934983332795,0.04086563993161915,0.33079027875614203,-0.09328697635883108,-0.28188033121059153,-0.18106638493031063,-0.40492916479652596,-0.6526410121688009,-0.9228316891577194,-0.45769626305945316
Dejan Kulusevski,55.0,Attacking,0.9452762245233665,0.8156515165900546,0.33680438048486566,-0.12609787832449232,-0.3865186007076596,0.11107390343016611,0.07304283708848172,-0.7843721277518039,-0.8684090257684398,1.846585241142426,-0.3636162080749834,0.6909563621399797,-1.0337303367329984,1.5193316339722356
Julio Enciso,22.0,Attacking,0.32701447767294817,1.7291891755706519,0.8966028700270184,-1.3063031840198225,-1.3704226984761452,-1.6488139928866674,-0.5456324275539884,-2.972808440496218,-0.7786626851253379,0.4476680684706819,-1.4252116495446248,-0.1598178034030626,-1.2564365595850187,0.6835058582629892
João Palhinha,55.0,Defensive,0.07970977893278103,0.3839322979248843,-0.4469135048741482,4.235847565469125,1.5861443847854062,1.254774218521546,2.79862581363654,-0.5540104106208129,1.7126839223981387,-0.9817623982358482,0.47149570279620134,-0.5165279354620731,1.2163580602242465,-1.0352558732409332
Harry Wilson,17.0,Balanced,0.4506668270430319,0.25215203235958444,0.11288498466800453,-1.1560719594659858,-0.9925912393421376,-1.1287339962326104,-0.9232295119052919,0.48261731646864625,-0.9044617984865065,0.08926859285330123,-1.1684811327750382,-0.3709319631930893,-0.4029998217743293,-0.15833662247362576
Kaoru Mitoma,45.0,Attacking,1.3162332726336172,1.1509733103425437,1.3444416616607406,-0.5409402422097597,-0.6946359365877907,-2.5696931020064246,-2.564060478450047,-6.658595914592072,-1.1896064554384886,1.3387416061578696,-0.21016808310925325,-1.051593133550589,-1.4129425481805418,1.4479341528339644
Cheick Doucouré,35.0,Defensive,-1.1568137147680553,-0.2022562308875694,-1.1186716923247315,1.3482042969356602,2.2691203675449136,1.4545046201738774,0.14149201530424402,-0.09328697635883108,0.11098686018025965,-0.2996329657953461,0.3040306817999477,-0.019410623762813814,-0.12226762946512132,-0.40232397538760656
Pape Sarr,45.0,Balanced,-0.41489961854755353,-0.31335918365483867,0.8966028700270184,-0.6417386698476427,0.1929208088437029,-0.2667122687400934,-0.8680202412387755,1.2888833264271145,-0.17080835820380239,-0.02880875376482821,0.059841598320829095,-0.2935841029251916,-0.7921354600849667,-0.6055654403649525
Sasa Lukic,10.0,Balanced,-0.7858566666578044,-1.031691862551585,-1.006711994416301,-0.37664509196422885,-0.05639288369323364,-0.751065285251865,-0.8734113418020664,-0.5540104106208129,-0.3387421104952342,-1.1859667506224953,-0.7228913852783991,-0.4296370058579552,-0.8944662987820395,-1.1674683141258502
Wataru Endo,13.0,Balanced,-0.7858566666578044,-1.2662494719872575,-0.11103441114885658,0.19134671317032081,-0.05639288369323364,-0.2480754296269554,-0.007384947315039648,0.02189388220666438,0.6151216025200985,-1.1859667506224953,0.8750347622012701,-0.04091442605005916,-0.4196512072276217,-0.5681052487808926
Dominik Szoboszlai,75.0,Attacking,-0.16759491980738625,1.4272537430323795,-0.8947522965078705,-0.7116619034342823,-0.5882620944386979,0.8026873089423455,-0.6203890220316203,-0.4388295520553175,-0.4618935288422842,-0.02880875376482821,0.8359349995898099,-0.20936087730014738,0.33122974694512125,1.0801431809177406
Kevin Schade,22.0,Balanced,-0.41489961854755353,-0.5611106586212674,0.8966028700270184,-1.256064222073119,-1.2780299771242218,-1.3915786294973476,-0.35640479778248296,0.5977981750341417,1.703052427781424,-0.318098252979245,-1.702598644674983,-0.6725886182378903,-1.379685025603993,0.23728887027639403
James Garner,22.0,Balanced,-0.9095090160278879,-0.21287257143069271,-0.3349538069657177,0.47903087421249513,0.8284440760014934,0.24180719848981355,0.0660124363539081,0.02189388220666438,-0.014680857588616753,-0.42855424358838595,-0.4263233745273248,-0.6105696975503578,-0.32935199441372004,-0.023229734830931374
Billy Gilmour,18.0,Balanced,-1.1568137147680553,-0.7015737455680463,-1.5665104839584538,-0.6184309253187629,-0.4700689364952614,-0.029560956215771983,-0.852965093739808,-0.323648693489822,-0.4780649272110888,-0.6716743075746433,1.3678393173796721,0.07138320811666637,0.9651756093919256,-0.6125025128805192
Kevin De Bruyne,50.0,Attacking,2.058147368854119,2.589948975457457,0.4487640783932962,-0.3708953354064005,-0.5872509362433643,0.20244813794017702,-0.01352465241282215,0.7129790335996372,-0.5255338228031691,4.780216685647455,1.4047258858810496,3.6751551943036,1.3427530107097563,5.224978067214857
Harvey Barnes,35.0,Attacking,1.8108426701139515,1.6323306803801565,1.1205222658438796,-1.18784500006128,-1.1170026627680123,-0.8444542812473693,-0.3754512389490267,-0.5540104106208129,0.012404072727477265,1.1828037370626119,-0.8940450631247903,-0.2668308430207657,-1.0811498523580327,0.5777359055550556
Naouirou Ahamada,8.0,Balanced,-1.1568137147680553,-1.092006676406472,-1.5665104839584538,-1.2881718293322906,-1.48104255533287,-1.702509567762455,-1.7711066013123096,1.2888833264271145,-0.9401048806055042,-1.1859667506224953,-1.7490757209867185,-1.051593133550589,-1.0708651731074699,-1.1674683141258502
Adam Lallana,1.0,Balanced,0.2033621283028646,0.2228700361355143,0.22484468257643508,-0.13476101732611664,-0.0044809915485564495,-0.10350315908981489,-0.04563369805119759,1.4040641849926099,-0.26850132643178604,0.3833297108694094,-0.04344079348302753,0.028310142956826444,-0.7241018065950406,-0.18221396013413924
Mateo Kovacic,30.0,Defensive,-0.7858566666578044,-0.402005205906563,-1.3425910881415926,0.2406639979204078,-0.516839657567164,0.114011730285439,0.28865116681638253,0.7129790335996372,-0.6906033057725199,-0.1544430505665177,1.5921096538680466,0.7156507778503376,0.6608065167068811,-0.03724081947535876
Jacob Murphy,15.0,Balanced,-0.2912472691774698,-0.1780861309582364,-0.11103441114885658,-0.7469173153267056,-0.7603374273269362,-0.7362875287475885,-0.9106205064741907,-0.09328697635883108,-0.7444173709325754,0.35691057852106084,-1.3307820341810985,-0.3381728694325679,-0.9608141366823638,0.4778420613308959
Alexis Mac Allister,75.0,Defensive,0.8216238751532827,1.168598548348714,-0.5588732027825788,0.8633253878434591,-0.18737559977234045,0.563203264048576,0.6292734528183441,-0.09328697635883108,0.048591658471471226,-0.14970585791413676,0.6175665140616556,0.6228148743980502,0.1754764405501406,-0.42944662918616366
Pablo Fornals,14.0,Balanced,0.2033621283028646,0.08585169503600636,-0.11103441114885658,-0.36888033728022945,0.04858130263810805,0.18799858029849784,-0.7403930289562396,-0.20846783492432655,-0.3852921681479469,0.0016427724682683898,-0.33705787875399146,-0.05421283009611864,-0.08264164511859534,0.015485104318144883
Carney Chukwuemeka,15.0,Balanced,-0.7858566666578044,-1.233284618769271,0.0009252867595739772,-1.0215919117642522,-1.1345061487178232,-1.7062102087336242,-1.3275459968200292,-0.8995529863172993,-0.7175764489977073,-0.4353777796877923,-1.4148834103642391,-0.7238054446314982,-1.1828364460292862,-0.9244832876346512
Tomás Soucek,30.0,Defensive,0.9452762245233665,0.5520063670826021,0.22484468257643508,0.6246487828881636,1.7017303407153845,0.4634771155603642,2.0583889467501857,-0.5540104106208129,6.044399081540077,-0.5859589004000013,0.08123580805162844,-0.9767280441061054,0.1440022124401067,-0.5570059327559861
Vitaly Janelt,22.0,Balanced,-0.2912472691774698,-0.73049358650989,0.5607237763017268,0.3499762972963796,0.4729909569085603,0.4281258250307707,-0.0991888399726173,-0.323648693489822,0.4916144366604061,-0.6668678361442896,-0.04860491307322013,-0.4281838373353089,0.4270998224098141,-0.49528543710346795
Harrison Reed,15.0,Balanced,-0.7858566666578044,-1.1442795150807077,0.4487640783932962,0.02874262214648309,0.42922683046566856,-0.08601595907792968,-0.5982870723599726,1.0585216092961236,-0.17207394590223068,-0.21999137933261664,0.048775627770415976,-0.9461310075505337,-0.28392195566883754,-0.6202237762021933
Solly March,18.0,Balanced,-0.16759491980738625,0.3555488561108199,0.5607237763017268,0.15024897587858144,0.11018153945232405,-0.08400102814111936,0.41182703248644975,-0.09328697635883108,-0.04765693985675244,0.18736361927451622,-0.4868173468695838,-0.785040507396603,0.043079099566379835,0.6602597148106961
Yehor Yarmoliuk,10.0,Balanced,-1.1568137147680553,-1.1307272976466465,1.5683610574776017,-1.2044542163305993,-1.1201313051841622,-1.386401729743698,-1.343036101982061,0.8281598921651326,-0.6074361141615251,-1.1859667506224953,-1.566118341219887,-1.051593133550589,-1.058195640697356,-1.1674683141258502
Idrissa Gueye,3.0,Defensive,-0.6622043172877208,-0.5531943393028136,-0.6708329006910093,3.208342145638252,3.8344349579908927,2.6273226049714693,2.0455461471860796,1.2888833264271145,0.3688187658259985,-0.7587084133212029,1.164225459252069,-0.647321650550377,0.9502176201305262,-0.9369440582239436
Mykhailo Mudryk,35.0,Balanced,0.07970977893278103,-0.008434291388464785,0.4487640783932962,-1.1511793716931598,-1.2032358693631409,-1.3982346434663255,-0.6157167348767681,0.9433407507306281,-0.7165930531509558,-0.02880875376482821,-1.296108659789804,-0.16724926448762528,-0.9916805955442588,0.1436383913162445
Elliot Anderson,15.0,Balanced,-1.1568137147680553,-0.5915220508020893,-0.4469135048741482,-0.7941245618890427,-0.8372221505323194,-1.169381056788279,-0.5313173349944419,1.4040641849926099,0.07382705116258126,-0.004188370852962916,-1.250369314848096,-0.4064790649332295,-1.141221512661506,-0.40232397538760656
Tommy Doyle,10.0,Balanced,-1.1568137147680553,-0.8036048078589658,-0.78279259859944,-0.8205079222193961,-0.6616233648863481,-0.4764914676244292,-1.821650160879083,-0.8995529863172993,-1.1896064554384886,-1.1859667506224953,0.11074506285273027,-0.6333812545848525,1.4128000597027652,-0.857452935499148
João Gomes,35.0,Defensive,-0.41489961854755353,-0.6563996874545094,0.0009252867595739772,2.924346243070977,-0.505157530259719,0.8115619942343163,1.4307450389484022,-0.20846783492432655,-0.24357965086342295,-0.8966772514080786,0.19189551355576065,-0.04091442605005916,-0.37087350744868375,-0.7928663982852518
Sean Longstaff,25.0,Balanced,-0.2912472691774698,-0.19389615958739176,-0.3349538069657177,0.235754335344616,-0.15812625621837273,-0.19818659472390535,-0.2024545039117055,-0.09328697635883108,-0.06433760786959274,-0.347221356927005,-0.11795166185580974,-0.3597191190200249,0.36555369269153687,-0.2623898597458808
Miguel Almirón,20.0,Balanced,0.4506668270430319,0.6791372708518436,0.11288498466800453,-0.03687200676257755,-0.2614150934219319,0.08973773073823905,-0.06827607287279766,0.5977981750341417,-0.8383528417071363,-0.7205177239534896,-0.643216397315424,-0.5773081534944744,-0.8183946585439177,-0.31362707578526827
Jack Grealish,60.0,Attacking,0.697971525783199,0.9214093481098677,0.22484468257643508,-0.981133501309704,-0.5805314373057695,-0.21067791858265206,1.4023853424968586,0.8281598921651326,-0.3163509435230433,0.9937959876442732,0.04730016503036118,-0.5227496238119397,-0.29920225724495864,1.236953285223107
Lucas Paquetá,65.0,Defensive,0.697971525783199,1.0452779371288032,-0.3349538069657177,1.3467234244526018,-0.1464675080936751,1.099273565796584,2.047939100210302,1.4040641849926099,1.6555163414473173,0.8297278245489251,0.8838875386416004,3.154134391209681,0.7670344155467769,1.0076395843034314
Mathias Jensen,28.0,Balanced,-0.16759491980738625,-0.8458675816782757,0.22484468257643508,0.11034826006135892,0.1837228279539906,-0.03239472843413571,-0.6240179829285927,-0.323648693489822,-0.748739595053992,0.29699301234072856,-0.2005775752988952,-0.1096013285015515,1.3561498170280148,0.4909634686247605
James Ward-Prowse,30.0,Attacking,0.697971525783199,0.18874647063811786,1.3444416616607406,-0.2752905874177733,0.6220544559978312,0.4776082854915857,-0.6215662912359925,0.48261731646864625,0.2772794438420494,0.45409970161671803,0.4692825086861186,-0.6218557303613873,0.1261562394039884,0.43712571908112274
Abdoulaye Doucouré,10.0,Defensive,0.4506668270430319,0.35919692952946186,0.22484468257643508,0.401309750059972,0.6159498484386337,1.7124856914546707,0.1787228003885484,0.13707474077215984,0.6836674652833536,0.04584660087115045,0.8049502820486527,-0.6848145703447516,-0.1298458707111161,-0.18866975983267356
Boubacar Traoré,6.0,Balanced,-1.1568137147680553,-1.1227554050383755,-2.6861074630427595,-0.12172134443439854,-0.8072670635691831,-0.8970759446256413,-0.9809796542178442,0.2522555993376553,-0.5218228286796187,-0.7775580458492011,-1.0607723527510162,-1.051593133550589,-0.7869185937984493,-0.9030434323560159
Curtis Jones,35.0,Balanced,-0.16759491980738625,-0.1954667107727813,0.6726834742101573,-0.5713508300577697,-0.6222769858235822,-0.5190216354711137,-0.5065156048622044,-0.4388295520553175,-0.5194336207126817,-0.3786472179310997,0.30919480139014055,-0.27595598593390325,-0.5838247760396077,-0.6447679664412943
Edson Álvarez,35.0,Defensive,-0.7858566666578044,-0.8781632454664178,-1.5665104839584538,1.4641311832356982,1.3941595092489416,0.6832824522867432,0.5961046517407519,-1.0147338448827947,0.4510554154329542,-0.7651820244924346,0.4264940892245209,-0.5003138385503,0.6187897401322492,-1.1674683141258502
Amadou Onana,50.0,Defensive,-0.16759491980738625,0.036611431332704156,-1.230631390233162,1.0936288546207764,0.6326195029542998,0.5186973795992911,1.47279562334207,-0.20846783492432655,1.959405845105087,-0.7651820244924346,-0.02499750923233883,-0.04091442605005916,0.2801676920801172,-0.35015504320090807
Matt Ritchie,1.0,Balanced,-0.2912472691774698,0.4406670445038578,-0.78279259859944,-0.3042830642773386,0.6503572360201688,0.13206978557518767,-0.31892492908377906,0.9433407507306281,0.13926062791110214,0.6252370705460272,-0.2603338162711265,-0.5242825035503126,0.2701772900413122,0.4938097474281081
Phil Foden,150.0,Attacking,2.9237138144447044,1.4614422915592153,1.4564013595691712,-1.1773324772424485,-0.8977132715996953,-0.9277149650774922,-0.39476002779004077,0.48261731646864625,-0.5650964529777459,1.0021138252538206,-0.014669270051953115,0.23472522145008545,-0.6776489581244841,0.7940835360940107
Orel Mangala,20.0,Balanced,-0.6622043172877208,-1.1364941986824173,-1.1186716923247315,-0.42686818609052213,0.8432582280996264,-0.3672605648672054,-0.4454267796371628,0.2522555993376553,-0.4092504660672397,-0.8905221556801123,-0.5377208114014846,-0.7935475061036452,-0.5977794416234342,-0.9761822294412893
Carlos Baleba,22.0,Balanced,-1.1568137147680553,-0.29890153790082963,-1.230631390233162,0.07230499135976565,-0.0013719308574957614,-0.3442892591371453,0.05757595547241984,-0.6691912691863084,0.556904568392402,-1.1859667506224953,-0.25516969668093364,-1.051593133550589,-0.6055875173567399,-0.857452935499148
Harry Winks,12.0,Balanced,-0.9095090160278879,-1.3314242581205282,-1.1186716923247315,-0.7705285733676365,0.21157175683501553,-0.10645984081523759,-0.9616443159066113,0.8281598921651326,-0.6029920657548307,-0.8679691331654266,0.8182294467091487,-0.17207120488600577,0.6505470968743247,-0.755692162362139
Michael Olise,55.0,Attacking,0.9452762245233665,0.9574710838089823,0.4487640783932962,-0.37349657863199737,-0.39691890276807346,-0.23976352925593908,0.6440914235839323,0.5977981750341417,-0.5080411778459459,2.539517531943653,-0.2544319653109062,0.057688374681699885,-0.0891309178164585,1.9024400693483228
Cesare Casadei,10.0,Balanced,-1.1568137147680553,-1.8760992565200052,-3.4698253484017734,-1.4562989364348597,-1.6520005159296263,-2.511604252822618,-1.340770750634254,0.2522555993376553,0.7156782978315738,-1.1859667506224953,-1.9003106518423658,-1.051593133550589,-1.219444235007895,-1.1674683141258502
Morgan Gibbs-White,40.0,Attacking,0.07970977893278103,0.5632998816109864,-0.22299410905728714,-1.1277904155108691,-0.8931139591342688,-0.3202850641001587,-0.06974288709882008,0.2522555993376553,0.8408901007226282,0.9590090484307416,-0.5259171094810439,0.8711614807187118,-0.0891309178164585,0.8791372748569316
Christian Eriksen,8.0,Attacking,1.1925809232635336,2.3039128082982048,0.5607237763017268,-0.45694155251152363,-0.1394974478722124,0.7472205258675304,-0.72551548301579,1.5192450435581055,-0.44976498006568083,2.4783669060934512,1.3523469586090935,1.7488291184821294,1.1737536522176872,1.5483955757184884
Ryan Yates,12.0,Balanced,-0.9095090160278879,-0.10372332022170651,-0.8947522965078705,0.2947332085448521,-0.4926918456328722,-0.2933363246160047,0.6633218737639632,-0.09328697635883108,0.9116646201080517,-0.5350653773900576,-0.649855979645672,-0.8620908758942396,-0.5149894386137279,-0.6055654403649525
Christian Nørgaard,18.0,Defensive,-0.2912472691774698,-0.16717953063153568,0.0009252867595739772,1.8573857556892865,2.47729176309972,2.0997566977687954,0.984824006641924,-0.09328697635883108,0.9215607162252252,0.03477135595262619,0.9170854502928403,0.014617371065354708,0.5635045077972073,0.6108616599745732
Kobbie Mainoo,55.0,Defensive,0.2033621283028646,-1.092006676406472,1.2324819637523101,0.7153428636399953,1.1688058339168539,0.031857500725483726,0.9681886106180554,0.7129790335996372,0.12027681243467934,-0.6900418948263524,0.29075151713945185,0.6809989364503193,-0.50073621465235,-1.1674683141258502
Yoane Wissa,28.0,Balanced,2.1817997182242026,0.545875602052908,1.1205222658438796,-1.3155703208601166,-1.1049350420200061,-1.1396009578146151,-0.577670968044402,0.2522555993376553,0.19096892530402484,-0.12799372492405667,-1.5631674157397764,-0.47406244355028626,-1.1392806481220843,-0.31123536363305376
Jeffrey Schlupp,7.0,Balanced,-0.16759491980738625,-0.33114646903704376,0.11288498466800453,0.319206340300176,0.5109342744352616,-0.2812075880503117,0.5408300788542603,0.9433407507306281,0.8285840609883182,-0.46595733035550246,-0.8726508533939915,-0.8269978652171379,-0.5260752794725775,-0.46821140455673305
Andreas Pereira,20.0,Attacking,-0.16759491980738625,0.6201502852538697,0.33680438048486566,-1.1714960497328613,-1.0232229320398614,-0.5661200835480115,-1.007476134114951,-0.323648693489822,-0.5975688202415766,0.8145436846229633,-0.3562388943747078,-0.12656516397383277,-0.05107518301204077,0.7372871901483792
Mason Mount,35.0,Attacking,1.1925809232635336,1.6063533061911348,0.4487640783932962,-0.0169762999981504,-0.4305353629762497,-0.23852749234731824,-0.11874649495068418,-1.1299147034482904,-0.5512265639692665,0.9208588436562919,0.2059124095862839,-0.08970581192939496,-0.42209773762405756,0.9406362605357246
Cole Palmer,80.0,Attacking,4.036584958775457,2.5480837258175657,1.1205222658438796,-1.27322719758984,-0.6076027930112602,-0.9432053248598407,-0.8269890649516207,-0.8995529863172993,-1.062587471887151,2.8535666202260885,-0.11647619911575467,2.0355709184510293,0.13504395720063228,2.592172732128883
Thomas Partey,18.0,Defensive,-0.41489961854755353,0.15880767758416395,-1.3425910881415926,0.4878375322035819,0.5704529718282065,1.2511305902264034,0.4773124009613608,0.13707474077215984,0.4499753220354088,-0.7608883027972299,1.4541538876728954,0.5572423600216831,1.5625876349947507,-0.8005113353432233
Martin Ødegaard,110.0,Attacking,1.9344950194840353,1.6512718972174087,0.33680438048486566,-0.4070363417974021,-0.9818453103903413,0.2315835610334636,-0.39492313308708266,-1.4754572791447766,-0.6866112805751922,1.3690381064392338,1.0535657537479368,3.169001148971624,-0.06774227500430154,1.6375508316885512
Emile Smith Rowe,22.0,Balanced,0.8216238751532827,-0.20084924599631218,2.1281595470197545,-1.4689028427236737,-0.7292394756001461,-0.8760182221894137,-1.3481399658620599,-0.4388295520553175,-0.873971933059412,0.3197328115537464,-0.6181335307344874,-0.6862875766226867,-1.0282772268132319,-0.19260067772140116
Jorginho,12.0,Defensive,0.32701447767294817,-1.1078906881583117,1.2324819637523101,0.6475088911764205,1.5877000633348728,1.4300932370973392,-0.05868201380190066,-0.4388295520553175,-0.39836941701786416,-0.5722254926206388,2.3202505160852365,1.427640822970048,1.3152767624083783,-0.02503595200424597
Fabio Vieira,22.0,Balanced,-0.41489961854755353,-0.6563996874545094,-1.4545507860500233,-1.7178299919277458,-1.2168347980469738,-1.6015456156096484,-1.8300866417605712,1.0585216092961236,-0.9779081495195928,0.49717215389774794,-1.439966276945176,-0.13279430855010727,-1.1226950784215717,0.19472047074905335
Declan Rice,120.0,Defensive,-0.2912472691774698,-0.32284919305700643,-0.22299410905728714,1.1307235655529309,2.1383816961584574,1.9005402143670003,0.5528318178316216,-0.20846783492432655,0.9774929373965757,-0.16577847584185806,1.2431627158450167,-0.7545773501218618,1.662495947714505,-0.47025005443885876
Ainsley Maitland-Niles,9.0,Balanced,-1.0331613653979717,-1.3893384193241423,0.0009252867595739772,0.34442635849551434,0.8951162547963586,0.062424568808443666,-0.0950353397392719,0.02189388220666438,-0.30833942506510353,-0.8037861278071191,-0.14450999117680144,-0.7734246819449385,-0.16319197502876817,-0.7550625352187693
Rodri,130.0,Defensive,0.4506668270430319,0.37646728866164775,0.0009252867595739772,0.6503110394572578,0.4093769742717249,2.3980787111405015,1.150002698054261,0.2522555993376553,2.33370191055562,0.4996044355516788,4.011868547558405,-0.17528211548654568,4.252755170756118,-0.0761425015035287
